x,y
2,34
6,92
7,69
8,90
8,87
8,15
9,89
13,24
13,21
15,53
16,69
16,65
16,63
16,62
16,61
16,60
16,59
16,53
16,50
16,44
16,42
16,40
16,37
16,34
17,70
17,54
17,50
17,48
17,46
17,43
17,38
17,37
17,36
17,34
17,29
18,70
18,57
18,56
18,55
18,51
18,49
18,48
18,47
18,45
18,43
18,41
18,40
18,39
18,36
18,30
18,29
18,28
18,25
19,70
19,66
19,65
19,55
19,53
19,51
19,50
19,46
19,40
19,38
19,37
19,32
20,67
20,65
20,64
20,61
20,52
20,40
20,39
20,37
20,33
20,32
20,30
20,27
20,25
21,67
21,66
21,65
21,55
21,53
21,52
21,51
21,49
21,48
21,46
21,45
21,44
21,41
21,38
21,37
21,36
21,35
21,28
21,27
22,91
22,73
22,69
22,68
22,66
22,62
22,61
22,60
22,57
22,49
22,47
22,43
22,39
22,37
22,35
22,34
22,29
22,25
23,70
23,68
23,64
23,63
23,59
23,54
23,53
23,50
23,47
23,46
23,43
23,38
23,36
23,35
23,34
23,33
23,32
23,31
23,28
24,69
24,62
24,57
24,54
24,50
24,46
24,41
24,40
24,38
24,34
24,31
24,29
24,24
24,13
25,63
25,60
25,50
25,36
25,32
25,31
26,66
26,63
26,61
26,53
26,46
26,44
26,42
26,35
26,31
26,30
27,70
27,69
27,68
27,25
28,30
29,69
29,65
29,63
29,32
29,31
29,30
29,29
29,27
29,26
30,66
30,28
30,25
30,10
30,2
31,28
31,27
31,26
31,25
32,67
32,63
32,60
32,31
32,27
32,21
33,43
33,26
34,67
34,66
34,63
34,62
34,28
35,70
35,69
35,66
35,32
35,31
35,27
35,26
35,25
36,65
36,33
36,32
36,28
36,27
37,67
37,65
37,31
37,29
38,69
38,64
38,63
38,27
39,68
39,67
39,66
39,62
39,33
39,31
39,29
39,27
39,26
40,69
40,66
40,62
40,49
40,29
40,28
40,27
41,68
41,64
41,63
41,49
41,34
41,33
42,67
42,36
42,32
42,28
42,27
42,2
43,68
43,67
43,64
43,59
43,34
43,28
44,68
44,61
44,60
44,45
44,41
44,38
44,35
44,34
44,32
44,30
44,29
44,28
45,68
45,62
45,40
45,39
45,37
45,35
45,31
45,29
46,67
46,65
46,62
46,53
46,42
46,41
46,39
46,38
46,33
46,30
46,29
47,67
47,64
47,60
47,56
47,55
47,52
47,46
47,40
47,37
47,36
47,34
47,18
48,65
48,64
48,63
48,62
48,61
48,57
48,51
48,48
48,41
48,39
48,37
48,34
48,30
48,29
49,65
49,60
49,54
49,52
49,48
49,46
49,34
49,32
50,56
50,55
50,54
50,53
50,52
50,51
50,50
50,46
50,41
50,34
50,33
50,20
51,62
51,60
51,59
51,57
51,55
51,47
51,43
51,39
51,32
51,31
52,74
52,73
52,62
52,47
52,44
52,41
52,40
52,38
53,87
53,59
53,55
53,52
53,47
53,45
53,42
53,40
53,38
53,35
53,34
54,97
54,59
54,54
54,46
54,42
54,41
54,40
54,39
54,38
54,36
55,69
55,56
55,55
55,49
55,44
55,42
55,39
56,64
56,53
56,47
56,43
56,39
57,74
57,73
57,51
57,49
57,46
57,45
58,62
58,29
59,46
60,42
61,12
64,65
65,14
66,18
66,17
67,22
68,84
68,23
69,36
70,92
71,91
75,86
76,61
79,71
79,9
80,82
83,25
84,28
84,27
85,31
86,33
86,32
86,28
87,89
87,85
87,50
87,30
87,28
87,27
87,26
88,73
88,29
88,17
89,39
89,38
89,37
89,34
89,31
89,28
90,66
90,38
90,34
90,30
90,29
90,28
90,25
91,44
91,41
91,36
91,34
91,33
91,31
91,27
92,47
92,46
92,42
92,39
92,36
92,35
92,32
92,30
92,29
92,28
93,51
93,49
93,43
93,39
93,37
93,35
93,32
93,30
93,29
94,88
94,73
94,54
94,51
94,47
94,43
94,34
94,33
94,32
94,31
94,29
94,26
94,25
95,89
95,56
95,55
95,52
95,50
95,48
95,43
95,42
95,40
95,39
95,29
96,54
96,49
96,48
96,42
96,39
96,37
96,36
96,34
96,30
97,61
97,57
97,54
97,52
97,51
97,49
97,47
97,45
97,41
97,35
97,29
98,65
98,61
98,58
98,52
98,47
98,46
98,43
98,41
98,37
98,33
99,67
99,61
99,60
99,54
99,47
99,41
99,40
100,70
100,67
100,66
100,61
100,56
100,48
100,44
100,41
100,40
100,20
101,49
101,41
101,39
101,36
102,67
102,66
102,63
102,60
102,57
102,52
102,51
102,35
102,33
103,80
103,67
103,63
103,62
103,60
103,58
103,55
103,52
103,39
103,38
104,91
104,65
104,64
104,62
104,60
104,56
104,49
104,40
104,37
104,36
105,66
105,65
105,59
105,57
105,35
105,34
106,69
106,60
106,59
106,50
106,38
106,35
106,34
106,33
107,69
107,68
107,63
107,62
107,58
107,57
107,38
107,35
108,65
108,64
108,61
108,56
108,54
108,38
108,37
108,36
109,67
109,63
109,62
109,61
109,41
109,40
109,38
109,35
110,69
110,68
110,67
110,66
110,63
110,62
110,60
110,58
110,57
110,56
110,53
110,50
110,48
110,40
110,35
110,24
111,67
111,66
111,64
111,59
111,55
111,53
111,48
111,39
111,33
112,60
112,59
112,55
112,52
112,51
112,44
112,43
112,39
112,37
112,33
113,64
113,57
113,55
113,52
113,49
113,45
113,43
113,42
113,41
113,38
113,37
113,33
114,95
114,62
114,61
114,57
114,55
114,52
114,49
114,45
114,42
114,41
114,38
114,37
114,35
114,33
114,23
115,68
115,55
115,54
115,50
115,42
115,41
115,39
115,35
116,80
116,52
116,49
116,48
116,44
116,42
116,41
116,39
116,37
116,36
116,34
117,55
117,54
117,53
117,48
117,46
117,40
117,39
117,37
117,32
118,52
118,46
118,40
118,35
118,31
118,30
119,51
119,43
119,42
119,35
119,33
119,32
119,30
119,1
120,97
120,61
120,49
120,46
120,41
120,39
120,34
120,33
120,31
120,30
120,29
121,46
121,40
121,37
121,34
121,33
121,32
121,31
121,28
121,25
122,41
122,34
122,28
122,26
123,39
123,38
123,31
123,30
123,29
123,28
123,25
123,2
124,62
124,38
124,37
124,33
124,26
124,25
124,6
125,73
125,42
125,36
125,29
125,27
125,26
126,95
126,54
126,32
126,28
126,26
126,25
127,30
127,29
128,28
129,21
136,86
136,60
136,57
137,86
138,37
138,2
141,47
142,98
142,80
142,63
142,47
142,13
142,1
144,88
145,71
146,43
146,39
148,40
150,48
150,40
151,66
151,31
153,36
154,66
154,64
154,3
155,70
155,68
155,67
155,66
155,34
156,70
156,67
156,66
156,65
156,15
157,67
157,62
158,65
158,4
159,70
159,69
159,68
159,67
160,70
160,67
160,65
160,64
160,63
160,62
161,70
161,68
161,66
161,64
161,63
162,70
162,63
162,27
163,96
163,70
163,67
163,66
163,65
163,64
163,63
163,47
164,70
164,68
164,64
164,62
164,26
164,25
165,69
165,66
165,64
165,63
165,2
166,63
166,62
167,69
167,67
167,65
167,64
167,63
167,62
168,70
168,68
168,67
168,64
168,16
169,70
169,61
169,55
169,52
169,48
169,46
169,44
169,34
169,33
169,28
169,27
170,70
170,68
170,63
170,54
170,52
170,51
170,50
170,41
170,40
170,28
170,27
171,70
171,69
171,68
171,65
171,62
171,58
171,55
171,54
171,51
171,40
171,39
171,30
171,26
171,25
172,68
172,56
172,50
172,47
172,44
172,42
172,38
172,36
172,33
173,70
173,66
173,64
173,63
173,59
173,42
173,30
173,26
173,9
174,65
174,62
174,59
174,56
174,49
174,43
174,41
174,40
174,36
174,34
175,69
175,68
175,67
175,65
175,63
175,58
175,54
175,53
175,49
175,42
175,33
175,32
175,31
175,28
175,27
175,26
176,70
176,68
176,63
176,58
176,57
176,53
176,52
176,49
176,44
176,39
176,38
176,25
176,19
177,70
177,69
177,62
177,58
177,55
177,50
177,46
177,44
177,42
177,33
178,70
178,65
178,61
178,59
178,58
178,57
178,55
178,54
178,52
178,48
178,46
178,40
178,38
178,36
178,33
178,30
178,29
179,70
179,65
179,6
180,80
180,65
181,23
182,94
182,66
182,65
182,64
182,63
183,68
183,35
184,75
184,70
184,67
184,62
184,27
185,64
185,62
185,31
185,25
186,68
186,66
186,64
188,70
188,69
188,66
188,63
189,67
189,39
189,19
190,97
190,94
191,65
191,64
191,63
191,17
192,70
192,65
192,28
192,8
193,63
193,40
194,85
197,8
198,68
198,44
198,25
201,35
204,77
204,57
205,58
205,18
207,60
207,54
212,76
212,25
218,80
218,26
218,25
219,59
219,33
219,28
219,25
220,58
220,29
220,25
221,26
221,25
222,36
222,35
222,32
223,36
223,28
224,50
224,38
224,33
224,30
224,27
224,26
224,25
225,42
225,40
225,31
225,30
225,29
225,27
225,25
225,22
225,17
226,84
226,59
226,44
226,42
226,40
226,38
226,34
226,29
226,26
227,49
227,48
227,45
227,40
227,38
227,28
227,26
227,25
228,52
228,50
228,47
228,43
228,38
228,37
228,32
228,31
228,25
229,54
229,52
229,51
229,50
229,48
229,46
229,45
229,37
229,36
229,33
229,25
229,9
229,8
230,56
230,51
230,50
230,47
230,45
230,42
230,39
230,37
230,36
230,32
230,30
230,28
231,64
231,55
231,50
231,49
231,46
231,45
231,41
231,39
231,34
231,31
231,8
232,59
232,57
232,56
232,54
232,53
232,52
232,51
232,48
232,46
232,44
232,43
232,41
232,40
232,39
232,36
232,33
233,69
233,61
233,58
233,53
233,50
233,49
233,48
233,46
233,44
233,43
233,42
233,33
234,95
234,65
234,64
234,58
234,54
234,51
234,48
234,45
234,43
234,41
234,37
234,35
234,33
234,4
235,57
235,53
235,48
235,46
235,42
235,36
235,35
235,34
235,33
236,70
236,66
236,64
236,60
236,57
236,56
236,54
236,53
236,52
236,50
236,44
236,40
237,69
237,67
237,60
237,56
237,55
237,53
237,49
237,41
237,12
238,65
238,64
238,59
238,53
238,51
238,40
238,38
238,34
239,97
239,67
239,63
239,61
239,59
239,58
239,57
239,56
239,55
239,38
239,37
240,69
240,68
240,66
240,64
240,63
240,57
240,38
240,36
241,69
241,66
242,66
242,65
242,56
242,34
243,66
243,64
243,63
243,62
243,61
243,56
243,53
243,38
243,36
244,67
244,64
244,59
244,58
244,40
244,39
244,35
244,34
245,70
245,65
245,62
245,50
245,48
245,41
245,40
245,38
245,33
246,67
246,56
246,53
246,50
246,49
246,45
246,41
246,40
246,38
246,26
247,68
247,63
247,58
247,55
247,54
247,46
247,45
247,44
247,38
247,36
247,34
247,1
248,94
248,66
248,65
248,57
248,53
248,52
248,49
248,48
248,47
248,43
248,40
248,38
248,36
248,33
249,80
249,55
249,54
249,51
249,50
249,48
249,47
249,43
249,41
249,38
250,84
250,61
250,58
250,54
250,52
250,48
250,45
250,44
250,43
250,41
250,36
250,34
251,95
251,58
251,57
251,55
251,52
251,49
251,45
251,44
251,42
251,38
252,53
252,41
252,40
252,35
252,28
253,54
253,44
253,40
253,21
253,10
254,50
254,46
254,41
254,38
254,37
254,36
254,35
254,33
254,32
254,31
254,28
255,73
255,47
255,46
255,44
255,36
255,31
255,30
255,28
255,26
256,44
256,40
256,38
256,34
256,32
256,31
256,28
256,27
256,26
257,40
257,37
257,35
257,33
257,25
258,66
258,38
258,36
258,35
258,28
259,73
259,33
259,31
259,28
259,25
260,36
260,34
260,30
260,27
260,26
261,29
261,26
261,25
262,84
262,29
262,27
262,26
262,20
263,98
263,68
263,28
267,62
267,11
268,92
268,43
268,29
268,17
270,78
273,84
274,77
275,30
277,26
278,73
279,7
282,92
282,49
284,89
284,37
284,18
289,37
289,19
290,95
291,54
293,73
294,59
294,20
294,15
294,8
295,30
303,78
303,74
307,8
308,50
308,5
312,52
313,66
313,60
313,52
313,51
313,49
313,42
313,40
313,36
313,30
313,29
313,27
313,26
313,25
314,63
314,62
314,59
314,55
314,53
314,51
314,46
314,45
314,41
314,39
314,38
314,28
315,65
315,57
315,52
315,50
315,48
315,43
315,41
315,37
315,36
315,33
315,32
315,28
315,17
316,84
316,70
316,66
316,64
316,60
316,57
316,54
316,53
316,50
316,49
316,48
316,47
316,45
316,43
316,41
316,39
316,27
316,25
316,20
316,7
317,61
317,60
317,59
317,57
317,56
317,55
317,53
317,51
317,49
317,41
317,36
317,28
317,27
318,65
318,64
318,57
318,53
318,49
318,48
318,45
318,39
318,34
318,30
318,28
318,27
318,24
319,63
319,58
319,55
319,54
319,53
319,51
319,45
319,41
319,40
319,35
319,34
319,33
319,31
319,27
320,69
320,62
320,61
320,56
320,47
320,42
320,41
320,40
320,34
320,31
320,29
321,67
321,64
321,63
321,61
321,58
321,57
321,56
321,55
321,54
321,52
321,47
321,45
321,43
321,41
321,40
321,39
321,31
321,30
321,26
321,25
322,67
322,62
322,61
322,59
322,58
322,56
322,55
322,54
322,50
322,41
322,40
322,39
322,38
322,36
322,35
322,32
322,30
322,28
322,27
322,26
322,25
323,75
323,67
323,64
323,60
324,95
324,67
324,63
324,62
324,61
324,60
324,58
325,87
325,69
325,67
325,65
325,61
325,60
325,58
325,57
326,70
326,68
326,67
326,65
326,61
326,60
326,53
326,51
327,70
327,63
327,62
327,60
327,59
327,57
327,51
327,48
327,12
328,67
328,66
328,63
328,62
328,56
328,55
328,52
328,50
328,46
329,64
329,60
329,58
329,55
329,54
329,51
329,43
330,64
330,60
330,58
330,55
330,54
330,50
330,49
330,48
330,44
330,38
331,54
331,50
331,45
331,44
331,38
332,58
332,43
332,35
332,34
332,33
332,31
333,52
333,50
333,49
333,48
333,44
333,38
333,36
333,33
333,32
333,31
333,30
333,29
333,28
334,50
334,48
334,45
334,35
334,32
335,48
335,46
335,42
335,41
335,37
335,34
335,26
336,44
336,41
336,35
336,33
336,31
337,38
337,37
337,35
337,32
337,30
337,26
337,25
338,52
338,36
338,29
339,27
340,43
340,40
340,38
340,37
340,32
340,27
341,85
341,46
341,42
341,39
341,38
341,37
341,35
341,34
341,33
341,32
341,30
342,45
342,41
342,39
342,34
342,33
342,31
342,26
343,48
343,45
343,44
343,43
343,40
343,38
343,33
343,31
343,30
343,29
343,28
344,56
344,54
344,52
344,48
344,43
344,37
344,32
345,47
345,45
345,42
345,41
345,40
345,36
345,35
346,63
346,51
346,50
346,47
346,45
346,44
346,43
347,66
347,64
347,63
347,60
347,58
347,50
347,49
347,48
347,47
347,41
348,68
348,58
348,44
349,94
349,63
349,62
349,54
349,46
350,82
350,70
350,66
350,61
350,57
350,55
350,53
350,51
350,50
351,70
351,65
351,62
351,59
351,56
352,76
352,69
352,64
352,62
352,59
352,58
353,68
353,67
353,65
353,64
353,63
353,62
353,59
354,67
354,66
354,60
354,57
354,55
354,54
354,47
354,44
354,40
354,39
354,36
354,35
354,31
354,29
355,62
355,60
355,59
355,57
355,56
355,50
355,47
355,45
355,41
355,36
355,33
355,31
355,30
355,28
356,68
356,66
356,63
356,61
356,59
356,58
356,56
356,53
356,51
356,45
356,41
356,34
356,33
356,32
356,29
356,10
357,68
357,64
357,62
357,61
357,58
357,57
357,56
357,49
357,48
357,41
357,32
358,69
358,68
358,64
358,57
358,53
358,48
358,45
358,41
358,40
358,35
358,31
358,28
358,9
359,68
359,66
359,63
359,62
359,58
359,57
359,52
359,50
359,44
359,39
359,30
359,28
360,66
360,63
360,62
360,60
360,57
360,53
360,51
360,49
360,47
360,32
360,30
361,67
361,65
361,64
361,62
361,53
361,52
361,49
361,41
361,40
361,39
361,38
361,33
361,32
361,31
361,30
361,29
361,25
362,67
362,59
362,57
362,54
362,49
362,48
362,40
362,32
362,29
362,27
362,25
363,70
363,67
363,63
363,60
363,56
363,55
363,49
363,48
363,47
363,44
363,41
363,40
363,33
363,32
363,31
364,88
364,67
364,65
364,59
364,52
364,50
364,49
364,42
364,38
364,36
364,35
364,32
364,30
364,28
364,27
364,26
365,87
365,82
367,99
370,66
370,46
370,7
371,70
376,26
377,81
377,28
378,68
378,2
384,70
387,92
387,25
388,82
390,86
391,57
391,21
392,9
393,32
394,70
394,65
394,53
394,27
394,26
395,68
395,50
395,40
395,28
396,69
396,66
396,65
396,33
396,28
396,27
397,67
397,63
397,49
397,31
397,30
398,67
398,66
398,65
398,30
398,25
399,66
399,25
400,68
400,67
400,65
400,30
400,28
400,25
401,78
401,67
401,59
401,52
401,51
401,48
401,45
401,42
401,40
401,39
401,32
401,30
401,29
402,70
402,63
402,61
402,59
402,57
402,54
402,49
402,47
402,42
402,41
402,40
402,38
402,29
402,27
402,25
403,70
403,69
403,68
403,61
403,58
403,56
403,51
403,50
403,47
403,43
403,40
403,31
403,30
403,28
403,26
403,5
404,69
404,68
404,66
404,62
404,59
404,57
404,56
404,51
404,50
404,49
404,37
404,35
404,32
404,30
404,26
404,25
405,60
405,56
405,55
405,53
405,46
405,44
405,42
405,40
405,39
405,35
405,33
405,31
405,29
405,28
405,27
406,80
406,71
406,70
406,69
406,63
406,60
406,56
406,55
406,54
406,52
406,50
406,45
406,40
406,35
406,32
406,25
406,13
407,59
407,56
407,54
407,51
407,50
407,43
407,38
407,33
407,31
408,64
408,60
408,59
408,58
408,53
408,52
408,47
408,46
408,43
408,41
408,38
408,37
408,27
408,25
409,60
409,55
409,54
409,53
409,52
409,50
409,49
409,45
409,42
409,36
409,35
409,32
409,26
410,70
410,68
410,66
410,61
410,57
410,56
410,53
410,50
410,48
410,43
410,42
410,38
410,36
410,30
411,64
411,31
411,27
412,67
412,64
412,33
412,28
413,70
413,66
413,63
413,32
413,31
414,88
414,68
414,67
414,63
414,32
414,28
414,27
414,26
415,84
415,68
415,33
415,28
415,25
416,68
416,63
416,4
417,68
417,67
417,66
417,57
417,29
417,27
417,26
418,83
418,64
420,98
420,37
424,45
424,32
424,27
425,79
426,64
428,72
428,31
429,58
434,93
434,56
435,75
436,21
438,29
439,17
441,89
444,89
445,96
447,67
447,64
447,58
447,57
447,45
447,42
447,39
447,36
447,34
447,31
447,30
447,29
447,28
448,70
448,66
448,65
448,64
448,60
448,59
448,58
448,53
448,50
448,46
448,40
448,38
448,37
448,33
448,31
449,82
449,69
449,66
449,52
449,39
449,30
450,70
450,69
450,67
450,63
450,61
450,58
450,52
450,51
450,50
450,43
450,42
450,36
450,31
450,27
451,69
451,67
451,66
451,65
451,64
451,61
451,59
451,57
451,53
451,45
451,43
451,35
451,32
451,29
451,27
452,65
452,64
452,63
452,59
452,57
452,55
452,49
452,48
452,46
452,45
452,43
452,42
452,35
452,34
453,69
453,68
453,67
453,64
453,62
453,61
453,53
453,52
453,49
453,40
453,36
453,33
453,27
453,26
454,70
454,63
454,61
454,59
454,56
454,55
454,42
454,38
454,37
454,36
454,32
454,30
454,27
455,68
455,65
455,57
455,53
455,44
455,43
455,38
455,32
456,70
456,66
456,65
456,64
456,63
456,62
456,61
456,60
456,59
456,58
456,57
456,52
456,45
456,42
456,36
456,35
456,34
456,32
456,30
456,28
456,25
456,15
457,87
457,70
457,69
457,68
457,63
457,60
457,56
457,52
457,49
457,48
457,38
457,37
457,35
457,34
458,70
458,69
458,68
458,67
458,64
458,63
458,62
458,59
458,58
458,57
458,37
459,70
459,66
459,65
459,64
459,63
459,60
459,58
459,55
460,59
460,58
460,57
460,56
460,53
461,65
461,64
461,63
461,62
461,59
461,54
461,53
462,63
462,60
463,65
463,58
463,57
463,56
463,54
463,48
464,63
464,56
464,52
464,50
464,48
464,46
464,45
465,61
465,60
465,57
465,54
465,51
465,48
465,47
466,60
466,59
466,55
466,52
466,49
466,48
466,47
467,73
467,56
467,53
467,49
467,48
468,51
468,50
468,49
468,47
468,41
469,67
469,49
469,48
469,43
469,42
469,41
469,40
469,39
469,38
469,37
470,54
470,53
470,50
470,45
470,44
470,42
470,38
470,35
471,50
471,46
471,43
471,42
471,40
471,35
471,34
471,29
472,43
472,38
472,36
472,33
473,47
473,44
473,37
473,35
473,34
473,33
474,71
474,45
474,43
474,38
474,33
474,32
475,57
475,37
475,35
475,34
475,31
475,26
476,42
476,40
476,39
476,37
476,36
476,35
476,34
476,32
476,31
476,30
476,29
476,26
476,15
477,33
477,29
477,26
477,25
478,37
478,34
478,30
478,29
478,28
478,26
478,25
479,67
479,60
479,58
479,56
479,52
479,50
479,48
479,44
479,41
479,39
479,28
479,26
480,65
480,60
480,59
480,55
480,50
480,49
480,48
480,41
480,35
480,34
481,92
481,70
481,68
481,66
481,65
481,63
481,62
481,59
481,55
481,54
481,53
481,50
481,45
481,43
481,39
481,38
481,33
481,28
482,70
482,66
482,58
482,54
482,50
482,48
482,47
482,45
482,43
482,37
482,34
482,25
483,70
483,69
483,65
483,57
483,52
483,51
483,46
483,44
483,41
483,35
483,28
484,68
484,62
484,56
484,51
484,50
484,49
484,46
484,41
484,37
484,35
484,31
485,70
485,68
485,58
485,55
485,54
485,52
485,51
485,48
485,46
485,45
485,44
485,43
485,42
485,40
485,39
485,36
485,33
485,30
486,92
486,70
486,69
486,65
486,63
486,55
486,51
486,48
486,42
486,40
486,37
486,35
486,31
486,29
486,28
486,26
486,10
487,60
487,59
487,53
487,52
487,50
487,49
487,48
487,45
487,36
487,31
487,29
487,27
487,26
488,70
488,67
488,62
488,60
488,57
488,50
488,44
488,42
488,37
488,36
488,33
488,32
488,28
488,26
488,25
491,90
491,47
491,5
493,49
494,74
496,78
497,67
497,26
497,20
498,85
498,72
499,42
502,97
502,5
503,87
503,39
504,80
504,58
506,36
506,21
509,50
510,30
512,37
512,16
513,81
516,71
516,21
519,94
519,65
519,30
519,29
519,5
520,30
520,29
520,27
521,69
521,65
521,27
521,26
522,67
522,66
522,65
522,33
522,31
522,30
522,26
523,70
523,68
523,64
523,14
524,67
524,65
524,26
525,69
525,68
525,61
525,57
525,55
525,52
525,51
525,47
525,46
525,39
525,33
525,32
525,30
525,29
526,69
526,62
526,61
526,47
526,43
526,41
526,38
526,33
526,30
526,25
527,68
527,67
527,65
527,61
527,60
527,52
527,51
527,49
527,48
527,44
527,40
527,38
527,36
527,35
527,30
527,28
527,26
527,25
528,68
528,64
528,56
528,55
528,51
528,50
528,49
528,48
528,39
528,37
528,35
528,32
528,31
528,28
529,86
529,70
529,69
529,63
529,62
529,61
529,57
529,56
529,55
529,51
529,49
529,48
529,45
529,44
529,42
529,38
529,35
529,33
529,31
529,30
529,29
529,28
530,70
530,68
530,62
530,61
530,58
530,57
530,53
530,52
530,50
530,45
530,44
530,42
530,33
530,29
530,28
531,66
531,63
531,60
531,57
531,56
531,50
531,49
531,44
531,43
531,42
531,41
531,29
531,26
532,81
532,67
532,61
532,58
532,57
532,54
532,48
532,44
532,42
532,41
532,40
532,39
532,38
532,29
532,25
533,79
533,70
533,64
533,63
533,60
533,54
533,53
533,52
533,51
533,42
533,39
533,29
533,25
534,65
534,62
534,56
534,53
534,49
534,48
534,46
534,44
534,42
534,38
534,37
534,33
535,70
535,64
535,62
535,59
535,58
535,54
535,53
535,50
535,49
535,46
535,45
535,43
535,42
535,41
535,36
535,34
535,33
535,29
535,27
536,68
536,43
536,27
536,25
537,63
537,29
538,70
538,69
538,33
538,32
538,26
538,25
539,70
539,64
539,33
539,31
539,25
540,68
540,32
540,31
540,27
541,92
541,69
541,67
541,65
542,65
544,21
545,42
547,57
547,44
548,3
550,12
551,84
552,85
552,33
552,20
556,14
559,19
562,83
564,73
564,42
565,67
566,97
566,14
570,42
571,95
571,20
572,69
572,67
572,66
572,63
572,62
572,58
572,57
572,56
572,52
572,51
572,45
572,42
572,41
572,40
572,39
572,31
572,26
572,25
573,70
573,69
573,60
573,59
573,55
573,52
573,48
573,46
573,42
573,41
573,28
574,68
574,63
574,55
574,52
574,49
574,48
574,47
574,45
574,43
574,38
574,37
574,36
574,33
574,31
574,30
574,28
574,27
574,25
575,96
575,67
575,66
575,64
575,61
575,51
575,43
575,37
575,33
575,29
575,28
575,27
576,83
576,65
576,62
576,61
576,57
576,50
576,47
576,37
576,34
576,28
577,70
577,69
577,66
577,65
577,64
577,57
577,45
577,41
577,37
577,29
577,28
577,27
578,61
578,60
578,57
578,54
578,53
578,50
578,49
578,45
578,42
578,41
578,38
578,36
578,35
578,34
578,32
578,29
579,70
579,68
579,55
579,54
579,52
579,51
579,48
579,47
579,46
579,44
579,41
579,39
579,38
579,37
579,32
580,56
580,55
580,54
580,53
580,49
580,48
580,38
580,36
580,31
580,29
581,68
581,61
581,59
581,54
581,52
581,45
581,41
581,39
581,36
581,33
582,64
582,62
583,69
583,65
583,64
583,62
583,61
583,60
584,69
584,63
584,62
584,60
584,59
584,57
584,56
584,54
584,43
585,70
585,68
585,66
585,63
585,62
585,61
585,58
586,65
586,61
586,55
586,54
587,66
587,61
587,51
587,19
588,56
588,52
589,73
589,56
589,54
589,52
589,46
589,45
590,57
590,56
590,54
590,50
590,45
591,58
591,54
591,52
591,48
591,45
591,44
591,43
591,42
592,54
592,53
592,51
592,50
592,44
592,42
593,81
593,42
593,37
594,55
594,54
594,53
594,51
594,50
594,46
594,41
595,51
595,47
595,46
595,45
595,33
596,42
596,33
597,48
597,45
597,42
597,41
597,34
597,33
597,32
598,46
598,44
598,42
598,41
598,38
598,37
598,34
598,30
598,29
599,44
599,42
599,40
599,37
599,36
599,27
599,26
600,39
600,38
600,30
600,26
601,83
601,37
601,35
601,28
601,26
602,31
602,30
602,27
602,26
602,25
603,29
603,28
603,26
604,96
604,61
604,60
604,52
604,51
604,46
604,44
604,42
604,40
604,37
604,34
604,30
604,29
604,27
604,15
605,67
605,65
605,57
605,55
605,53
605,52
605,51
605,49
605,48
605,46
605,43
605,35
605,29
605,15
606,68
606,62
606,61
606,55
606,50
606,47
606,46
606,44
606,40
606,38
606,37
606,33
606,32
606,31
606,29
606,25
607,98
607,70
607,67
607,62
607,57
607,53
607,52
607,50
607,49
607,46
607,45
607,41
608,65
608,62
608,60
608,57
608,56
608,55
608,53
608,50
608,34
608,33
608,32
608,30
609,70
609,67
609,60
609,57
609,56
609,55
609,49
609,42
609,41
609,35
609,34
609,25
610,69
610,68
610,67
610,63
610,62
610,51
610,48
610,47
610,44
610,43
610,42
610,38
610,32
610,28
610,27
611,68
611,61
611,60
611,56
611,52
611,43
611,41
611,38
611,37
611,30
612,67
612,64
612,63
612,61
612,58
612,56
612,47
612,46
612,43
612,42
612,41
612,34
612,33
612,28
612,26
613,68
613,66
613,60
613,59
613,53
613,52
613,50
613,37
613,28
613,26
614,85
614,4
615,71
615,53
618,43
619,96
620,37
622,98
622,75
624,68
624,35
625,75
625,67
629,95
629,37
629,17
630,47
635,62
636,23
637,92
639,93
639,42
641,41
641,10
642,45
643,56
643,52
643,49
643,39
643,38
644,54
644,53
644,41
645,60
645,57
645,51
645,50
645,45
645,39
645,34
646,99
646,80
646,61
646,60
646,51
646,45
646,44
646,37
647,54
647,52
647,47
647,46
647,39
647,36
647,35
648,63
648,52
648,46
648,42
648,38
648,36
648,35
649,65
649,62
649,60
649,57
649,47
649,41
649,38
649,33
649,30
650,65
650,62
650,56
650,45
650,41
650,37
650,36
650,34
650,33
650,32
650,28
651,66
651,58
651,53
651,48
651,46
651,44
651,39
651,38
651,36
651,35
651,32
651,30
651,29
652,67
652,66
652,63
652,62
652,53
652,46
652,40
652,36
652,33
652,30
652,28
653,68
653,63
653,59
653,57
653,56
653,53
653,33
653,28
654,68
654,65
654,59
654,57
654,56
654,40
654,39
654,38
654,37
654,36
654,29
654,27
655,68
655,66
655,37
655,35
655,31
656,34
656,29
656,28
657,70
657,30
657,28
658,70
658,68
658,62
658,33
658,31
658,30
658,26
659,69
659,68
659,67
659,66
659,65
659,64
659,62
659,56
659,51
659,32
659,15
660,70
660,69
660,68
660,64
660,63
660,48
660,47
660,33
661,66
661,64
661,33
661,31
661,28
662,71
662,67
662,63
662,31
662,28
662,27
662,26
662,24
663,73
663,71
663,64
663,31
663,28
663,25
663,24
664,70
664,68
664,67
664,64
664,32
664,24
665,69
665,68
665,65
665,49
665,48
665,47
665,44
665,43
665,38
665,28
665,26
666,69
666,66
666,65
666,63
666,49
666,48
666,46
666,32
666,31
666,29
666,25
667,68
667,46
667,42
667,32
667,30
667,26
667,25
668,81
668,68
668,66
668,50
668,49
668,48
668,45
668,43
668,42
668,33
668,31
668,30
668,26
669,81
669,74
669,68
669,63
669,56
669,48
669,47
669,46
669,33
669,31
669,30
669,29
670,66
670,65
670,62
670,47
670,46
670,33
670,32
670,29
670,28
670,27
670,25
671,78
671,67
671,66
671,62
671,29
672,68
672,65
672,61
672,49
672,43
672,32
672,28
673,69
673,67
673,65
673,64
673,48
673,46
673,42
673,35
673,31
673,29
673,28
673,14
674,93
674,64
674,59
674,49
674,43
674,42
674,35
674,32
674,29
674,28
675,61
675,54
675,48
675,46
675,42
675,38
675,31
675,17
676,68
676,67
676,66
676,63
676,61
676,59
676,48
676,43
676,41
676,39
676,32
676,29
677,64
677,50
677,49
677,46
677,44
677,42
677,41
677,35
677,34
677,33
677,32
677,30
678,64
678,62
678,50
678,47
678,45
678,38
678,37
678,21
679,64
679,63
679,61
679,50
679,47
679,44
679,40
679,36
679,26
680,65
680,64
680,63
680,49
680,45
680,40
680,39
680,37
680,36
680,34
680,33
680,30
680,28
680,26
681,57
681,49
681,45
681,39
681,33
681,32
682,63
682,62
682,50
682,42
682,41
682,38
682,36
682,34
682,33
682,32
682,25
683,50
683,47
683,44
683,41
683,37
683,36
683,35
683,33
683,26
684,49
684,43
684,41
684,40
684,39
684,36
684,35
684,34
684,31
685,41
685,39
685,38
685,37
685,34
685,33
685,30
685,29
685,27
685,25
686,90
686,50
686,47
686,46
686,44
686,38
686,36
686,33
686,32
686,31
686,30
686,28
686,27
686,5
687,51
687,20
687,9
689,99
689,71
692,37
693,93
693,90
693,55
693,21
695,36
696,77
698,67
698,28
701,36